id,content,date,user_id,user_username,user_displayname,retweetCount,replyCount,likeCount,quoteCount
1632767114380492803,"Â¡Evento #desarrolloweb en #Sevilla con Diego Freniche Brito, Developer Advocate en @MongoDB!

Cambiamos de ubicaciÃ³n Â¡Te esperamos en @espacio_RES!

ğŸ“…16 marzo
â°18 h
ğŸ“En @espacio_RES 

Entradas ğŸ‘‰https://t.co/MJ21xSfIX0 https://t.co/bYJuYAaZ6N",2023-03-06 15:36:30+00:00,1162694149956603904,TheBridge_Tech,The Bridge,3,0,4,0
1632746286133702658,"Â¡SÃºper contentos de participar! Las temÃ¡ticas prometen, sin duda ğŸ¤© Â¡No te lo pierdas! 

ğŸ“Universidad @pablodeolavide Sevilla
ğŸŸEntradas https://t.co/jFvxqPvKTO",2023-03-06 14:13:44+00:00,1162694149956603904,TheBridge_Tech,The Bridge,1,0,1,0
1632692123412594688,"Las inscripciones se realizarÃ¡n por Eventbrite. Cualquier duda estamos por MD o al correo info@esoliupo.es
https://t.co/xhVr7VXcF3

@epsUPO @TheBridge_Tech",2023-03-06 10:38:30+00:00,1585726199485140993,ESOLIUPO,AsociaciÃ³n de Estudiantes de Software Libre UPO,0,0,0,0
1632692120719859712,"Â¡Por fin podemos publicar el cartel con los ponentes para el #cybersecTalks! Si estÃ¡s interesadx en alguna de las temÃ¡ticas que aparecen no dudes en venir, es totalmente gratuito gracias al patrocinio de @TheBridge_Tech y la colaboraciÃ³n de @epsUPO @pablodeolavide 
(+ info abajo) https://t.co/JF85MDGmXc",2023-03-06 10:38:30+00:00,1585726199485140993,ESOLIUPO,AsociaciÃ³n de Estudiantes de Software Libre UPO,3,1,5,1
1632664546665025536,"Encuentro de la @mlopscommunity en Madrid: ""MLOPs: desde las trincheras"" https://t.co/CHojEAs7ij en @TheBridge_Tech Ven a conocer la prÃ¡ctica #MLOps en Correcto., @Busuu @wallapop https://t.co/odie5CAuHU",2023-03-06 08:48:56+00:00,41545659,nodosenlared,Mario Lopez de Avila,1,0,3,0
1632147141224275970,@nodosenlared @snowded @TheBridge_Tech Muy buena foto desde el CÃ­rculo de Bellas Artes,2023-03-04 22:32:56+00:00,925597948410580993,RoccoLozano,Valerio Rocco Lozano,0,0,1,0
1632020293509083137,@PauMugarra @ToniDorta @TheBridge_Tech https://t.co/qv4oryC9i3,2023-03-04 14:08:54+00:00,276656109,joobid,"Jorge OrdovÃ¡s (ğŸŒ¸, ğŸŒ¿)",0,0,2,0
1631978537904222211,"El meetup del jueves 9 de marzo con @ToniDorta se realizarÃ¡ finalmente @TheBridge_Tech ğŸ˜„
Nos sentimos tremendamente agradecidos por su generosidad.
Â¡Nos vemos este jueves!",2023-03-04 11:22:58+00:00,1003872445,PauMugarra,Pau Mugarra,3,1,9,1
1631674245896982528,Hoy me llegÃ³ esta estupenda mochila y unos gadgets por pasar el RampUp del #Bootcamp de desarrollo web Gracias a @TheBridge_Tech por este detalle ğŸ˜±ğŸ§‘â€ğŸ’» #FullStackDeveloper https://t.co/0NY1BjTBHH,2023-03-03 15:13:49+00:00,763727449,OmarjLand,Omar Landaeta,0,0,0,0
1631600898777444354,"Ya esta publicado el meetup de @BitcoinTuesday_ para este 14 de Marzo a las 7PM en @TheBridge_Tech 
Muy interesante:
""Aplicaciones sobre Bitcoin con Agram Project!
Crea aplicaciones sin necesidad de usar cÃ³digo, sobre el stack de tecnologÃ­as de Bitcoin""
 
https://t.co/NQu4cxiPPh",2023-03-03 10:22:22+00:00,1207228796593745920,decentralized_b,Decentralized â‚¿ä¸°âš¡,4,0,11,1
1631548465649008640,"@rperezmarco @BitcoinTuesday_ @TheBridge_Tech No, espero que hoy nos digan y se comunique ğŸ˜¬ğŸ˜¬ https://t.co/0rFMxwrlo6",2023-03-03 06:54:01+00:00,1207228796593745920,decentralized_b,Decentralized â‚¿ä¸°âš¡,0,0,0,0
1631528154744406018,@decentralized_b @BitcoinTuesday_ @TheBridge_Tech Que suspense! Miniscript?,2023-03-03 05:33:19+00:00,2603024598,rperezmarco,Ricardo PÃ©rez-Marco,0,2,2,0
1631244101902270464,"Este 14 de Marzo hay meetup en Madrid de @BitcoinTuesday_ , se va a hablar de un proyecto muy interesante para poder realizar desarrollos sobre Bitcoin. En breve se pasarÃ¡n los detalles
Ir reservando el dÃ­a y la hora, 7 PM en @TheBridge_Tech",2023-03-02 10:44:35+00:00,1207228796593745920,decentralized_b,Decentralized â‚¿ä¸°âš¡,11,2,21,1
1630831255922114562,"@TheBridge_Tech @Vacolba , interesante",2023-03-01 07:24:05+00:00,1099588676181471233,turoninos,Flor_Turoninos,0,0,0,0
1628402689255124995,"De manager de #diseÃ±o a #fullstack developerğŸ‘©â€ğŸ’»

Esta es la historia de Isabel que realizÃ³ el #bootcamp de Desarrollo Web Full Stack para acelerar su carrera digital â¬‡

Â¿El resultado? Un cambio completo de trabajo y un nuevo comienzo en el sector #tech

#desarrolloweb #developer https://t.co/xTvyQiXhXB",2023-02-22 14:33:50+00:00,1162694149956603904,TheBridge_Tech,The Bridge,2,1,2,0
1627677085232779265,"Seguro que has oÃ­do hablar del Cloud Computing â˜ Â¿Quieres conocer en profundidad quÃ© es eso de la nube y las posibilidades laborales que ofrece?

No te pierdas esta masterclassğŸ˜†

ğŸ“…1 de marzo
â°17 h.
ğŸ’»Online

Â¡ApÃºntate ya!ğŸ‘‰https://t.co/aay1QKnRN3 https://t.co/eboE19jT3P",2023-02-20 14:30:32+00:00,1162694149956603904,TheBridge_Tech,The Bridge,1,1,2,0
1626573673527234560,@42UrdulizFTef @EstiLeon @workinlansummit @TheBridge_Tech @BBK_eus @PSEBizkaia @josebamondarain @grupo_ssi @socialistavasco @PSEBilbao @MtzGra @elcorreo_alava @elcorreo_com Muy buenas interacciones estÃ¡n teniendo las comunidades de las siguientes cuentas que copan el TOP 12 del #WORKinlan ğŸ† https://t.co/g8SdZl1vL2,2023-02-17 13:25:58+00:00,1685197165,Metricool_es,Metricool ES âˆ,0,1,2,0
1626573019844907008,@42UrdulizFTef @EstiLeon @workinlansummit @TheBridge_Tech @BBK_eus Hoy finaliza #WORKinlan y lo hace ya con una buena participaciÃ³n en Twitter y eso que aÃºn queda todo el dÃ­a de hoy ğŸ’ª https://t.co/54lcCbyUGi,2023-02-17 13:23:22+00:00,1685197165,Metricool_es,Metricool ES âˆ,0,1,0,0
1626267048434192385,".@EstiLeon, Responsable del campus #42UrdulizFTef ya se encuentra participando de la mesa redonda - ""Nuevos formatos en la formaciÃ³n"" del @workinlansummit!

Compartimos mesa con BBK Bootcamps by 
@TheBridge_Tech, IED KunsthalBilbao y @BBK_eus
 
#WORKinlan #Bizkaia #EducaciÃ³n https://t.co/Iu6ZYqlFLz",2023-02-16 17:07:33+00:00,1288769305014939650,42UrdulizFTef,42 Urduliz,5,1,10,0
1626157411085033472,"Buenos dÃ­as CPSers!
Hoy podemos confirmar que el tercer meetup de la comunidad #CPS en Madrid serÃ¡ en @TheBridge_Tech. Agradecemos enormemente la generosidad de este espacio, y os esperamos el miÃ©rcoles que viene!

P.D: AÃºn quedan unas pocas plazas, estÃ¡is a tiempo de apuntaros",2023-02-16 09:51:54+00:00,1003872445,PauMugarra,Pau Mugarra,0,1,4,0
1626101043908993026,@TheBridge_Tech @Vacolba @andresmacariog interesante,2023-02-16 06:07:55+00:00,1099588676181471233,turoninos,Flor_Turoninos,0,0,1,0
1625882688023416833,"Â¿Te animas a crear un videojuego con programaciÃ³n? ğŸ® Â¡Ven al taller de #desarrollowebfullstack en Sevilla!

Desarrollaremos juntos un videojuego usando un poco de #JavaScript y #Canvas

ğŸ“†2 mar
â°18.00h
ğŸ“Campus @ENCamaraSevilla

Â¡ApÃºntate ya! ğŸ‘‰https://t.co/sO7cjQNX3A https://t.co/1AeD5EBmeT",2023-02-15 15:40:14+00:00,1162694149956603904,TheBridge_Tech,The Bridge,3,0,2,0
1625828554691805187,"Â¿Los colores tienen gÃ©nero?Â¿podemos hacer una app destinada a mujeres sin caer en estereotipos?

Para contestar a todo esto, presentamos la charla â€œLa perspectiva de gÃ©nero en el diseÃ±o UXâ€ Â¡No te lo pierdas!

ğŸ“†23 feb
â°18.00h
ğŸ’»Online

Â¡InscrÃ­bete ya! ğŸ‘‰https://t.co/18K0xxRZUn https://t.co/VBjXQrD34t",2023-02-15 12:05:08+00:00,1162694149956603904,TheBridge_Tech,The Bridge,2,1,2,0
1625825721862987777,@BitcoinTuesday_ Â¡Un placer!,2023-02-15 11:53:53+00:00,1162694149956603904,TheBridge_Tech,The Bridge,0,0,2,0
1625813763751305216,"Gracias a nuestros amigos @TheBridge_Tech por acogernos ayer en una manera bastante flexible, tenÃ©is el equipo mÃ¡s adorable de todo Madrid! â™¥ï¸

Fue genial pasar San ValentÃ­n hablando #Bitcoin  ğŸ™",2023-02-15 11:06:22+00:00,1530194743786881024,BitcoinTuesday_,Bitcoin Tuesday,2,1,10,0
1625165984414695426,"Â¡Nos vamos al WorkinLan Workshop en Bilbao junto a @BBK_eus !ğŸ¤©

Los dÃ­as 16 y 17 de febrero impartiremos talleres de UX/UI, Data, ponencias sobre nuevos empleos y podrÃ¡s ponerte a prueba con nuestro TechSkilling Proba.

Â¡InscrÃ­bete ya!ğŸ‘‰ https://t.co/4DDrV2k2VR

 #bbkbootcamps https://t.co/XCMlcPJDyy",2023-02-13 16:12:19+00:00,1162694149956603904,TheBridge_Tech,The Bridge,2,0,1,0
1625126689150738438,"Les compartimos un mini resumen del 1Âº encuentro de #reinventadxs

Y anunciamos que entramos en la cuenta regresiva del 2Âº, apÃºntate esta fecha: 30 de marzo.

Â¿Te vemos en #Madrid?

Gracias a @thebridge_tech y el @milmadrid_ por hacerlo posible y nos vemos pronto!

#mytechplan https://t.co/z5fwZzNR5w",2023-02-13 13:36:10+00:00,4899284631,my_tech_plan,My Tech Plan,0,0,2,1
1623253793377861633,"Â¿Conoces la opciÃ³n â€œEstudia ahora y paga despuÃ©sâ€?
 
Formamos parte del #PlanCircularFundaciÃ³nUniversia de @FUniversia con el que puedes formarte en uno de nuestros #bootcamps y pagar la matrÃ­cula cuando tengas trabajo. Descubre mÃ¡s ğŸ“²  https://t.co/MTTTHWYRNs https://t.co/f66grrRuJH",2023-02-08 09:33:57+00:00,1162694149956603904,TheBridge_Tech,The Bridge,1,0,2,0
1622897346534072320,"Â¿Comprometid@ con la sostenibilidad? ğŸŒ±Construye ya tu carrera hacia un futuro mÃ¡s verde con el Certificado #GreenDigitalSkills de @inco_group, impulsado por @MicrosoftES  y #LinkedIn.

A tu ritmo, 100% Free y 100% Online
ğŸ‘‰https://t.co/xCCallDGog https://t.co/ij40j3KSaO",2023-02-07 09:57:34+00:00,1162694149956603904,TheBridge_Tech,The Bridge,2,0,3,0
1622895716291997696,"Â¡Nuevo taller de #empleabilidad en #Sevilla junto a 
@InfoJobs! ğŸ’¼

Â¡En @ENCamaraSevilla abordaremos las nuevas #oportunidadeslaborales en el sector digital!

ğŸ“ El 8 de febrero, a las 17:30h, en el Campus de @camaradesevilla con @TheBridge_Tech.

Infoâ¤µï¸

https://t.co/FFl1AV5DBf https://t.co/xUqEenBPZI",2023-02-07 09:51:05+00:00,106344840,camaradesevilla,CÃ¡mara de Comercio de Sevilla,2,0,6,0
1622681492622127104,"@globalgamejam en #42UrdulizFTef, organizado con la colaboraciÃ³n de @DigiPenBilbao y BBK Bootcamps by @TheBridge_Tech

70 jammers. 48 h. NON STOP.

Â¿Quieres saber mÃ¡s sobre este eventazo? Visita nuestra web ğŸ‘‰ https://t.co/6vtlTFr4Yt

#GGJ42FTef #GGJ #VideoGames #hackathon https://t.co/kBruFy1Atq",2023-02-06 19:39:50+00:00,1288769305014939650,42UrdulizFTef,42 Urduliz,0,0,3,0
1621396098936864768,"Un placer asistir ayer al ""Taller UX/UI - CÃ³mo maximizar el valor del usuario"" impartido en @EDEMempresarios por @TheBridge_Tech  y Miriam SÃ¡nchez MuÃ±oz ğŸ‘ğŸ‘ğŸ‘ https://t.co/sG2PeFjMYq",2023-02-03 06:32:08+00:00,2611663910,tugesto,tugesto,1,1,2,0
1621201435483426820,Inicia MasterClass #DataScience Â¿una #IA para gobernarlos a todos? @TheBridge_Tech @BBK_Kuna @BBK_eus #AI #ChatGPT #NLP https://t.co/FfDRNdSetk,2023-02-02 17:38:37+00:00,1065627197115981824,Aqua_Radar,AQUADAT,0,0,1,0
1621201042368086017,Masterclass en Data Science de los BootCamps de BBK powered by @TheBridge_Tech #artificalintelligence #ChatGPT https://t.co/Mefh3L19Gk,2023-02-02 17:37:03+00:00,2218313375,IcanadasM,IÃ±igo CaÃ±adas Manso,0,0,0,0
1621199810345705473,"Â¿Una IA para gobernarlos a todos?
@TheBridge_Tech https://t.co/CSeXEljxzF",2023-02-02 17:32:09+00:00,10279282,mkpositivo,JesÃºs PÃ©rez Serna,0,1,0,0
1621197254802522115,"ğŸ”´EN DIRECTO Â¡No te pierdas el evento de #reinventadxs, te dejamos aquÃ­ el link al stream: https://t.co/DwJWyrLhNH

Â¡Ã‰chale un ojo a las historias de Marta, Ari y Enrique! @my_tech_plan
@milmadrid_

#networking #madridtech #mytechplan #talent #orientacionlaboral",2023-02-02 17:22:00+00:00,1162694149956603904,TheBridge_Tech,The Bridge,1,0,3,0
1621134756523175936,"Â¡Lanzamos las Ayudas 4Talent Tech con @EDEMempresarios!ğŸ™Œ

4âƒ£ bootcamps en Valencia:
#uxuiproductdesign #desarrollowebfullstack #datascience #ciberseguridad 

Colaboran @ceeivalencia, @michaelpage_es y @PagePersonnelES y @BiohubVLC

Â¡Solicita la tuya! https://t.co/HY7yJUnkX4 https://t.co/U4FpaCsAJH",2023-02-02 13:13:39+00:00,1162694149956603904,TheBridge_Tech,The Bridge,3,0,6,0
1621082634943365120,InteresantÃ­sima jornada de #ProptechThursdays con @TheFringeLABS @DavidHueso #propper #hanok @CasafariRE @IntrumES @TheBridge_Tech https://t.co/va4wjPTBnJ,2023-02-02 09:46:33+00:00,112458375,enriquemartiin,Enrique MartÃ­n,2,0,4,0
1621081485695385601,"Nos hemos unido a @edemempresarios y @thebridge_tech para fomentar la formaciÃ³n en disciplinas digitales. ğŸ’»

Ofrecemos hasta 60 paquetes de ayudas para estudiar uno de los cuatro bootcamps impartidos en Valencia.

Â¿Te vienes? ğŸ‘‰ğŸ¼ https://t.co/Ho6EwFqYen https://t.co/yKfKwXmTMq",2023-02-02 09:41:59+00:00,207894341,PagePersonnelES,Page Personnel,3,0,3,0
1621066894093733889,"HOY a las 18:30 en @BBK_Kuna 

ğŸ§ ğŸ¤– Masterclass sobre Inteligencia Artificial #ChatGPT y otras IAs

TambiÃ©n explicaremos el #Bootcamp de #DataScience en #Bilbao 

@BBKnetwork @BBK_eus @TheBridge_Tech 

https://t.co/JiGdrdVPRf https://t.co/CBgyKBDtnm",2023-02-02 08:44:00+00:00,2402179123,jorgegrev,Jorge GonzÃ¡lez Revilla,4,0,6,0
1620737818967576577,@Yenito_ @milmadrid_ @Ari_Reinventada @Gobuub @TheBridge_Tech @madridinnova @Puerta_Inno @LaNaveMadrid @MADRID Que bueno! Nos vemos ahÃ­!! ğŸ˜Š,2023-02-01 10:56:22+00:00,4899284631,my_tech_plan,My Tech Plan,0,0,2,0
1620476763989250048,@Yenito_ @milmadrid_ @Gobuub @TheBridge_Tech @my_tech_plan @madridinnova @Puerta_Inno @LaNaveMadrid @MADRID Nos vemos ahÃ­ğŸ˜ŠğŸ˜Š,2023-01-31 17:39:02+00:00,1068424025356021760,Ari_Reinventada,ğŸ£ Ari ğŸ™,0,0,2,0
1620475795100831746,@milmadrid_ @Ari_Reinventada @Gobuub @TheBridge_Tech @my_tech_plan @madridinnova @Puerta_Inno @LaNaveMadrid @MADRID Que interesante esto! Ya me apuntÃ©,2023-01-31 17:35:11+00:00,1437857235036786693,Yenito_,YenitoğŸ«“ğŸ‘½ğŸ˜º,0,2,3,0
1620445221027999745,"Â¡ Nuevo taller de #empleabilidad en #Sevilla junto a @InfoJobs ! ğŸ’¼

Hablaremos de nuevas #oportunidadeslaborales en el sector digital. Si estÃ¡s pensando en cambiar de empleo Â¡No te lo pierdas!

ğŸ“… 8 feb
â°17.30 h
ğŸ“ Campus @ENCamaraSevilla  

Entradas ğŸ‘‰https://t.co/ZGM77siKJG https://t.co/dPTYtgfuS9",2023-01-31 15:33:41+00:00,1162694149956603904,TheBridge_Tech,The Bridge,2,0,5,0
1619236364343513088,"Recordamos tb a las patrocinadoras PLATINO. Comprometidas desde el minuto cero y sin las cuales, este evento no serÃ­a lo que va a ser: ENORME ğŸ¥° 
@plainconcepts @LifullConnEng  @bbk_eus by @TheBridge_Tech 

Y KUDOS a @bilbao_udala @BilbaoEkintza como patrocinador principal https://t.co/bsxWeRkKGD",2023-01-28 07:30:07+00:00,550417439,BilboStack,BilboStack Conference,1,0,5,0
1619004022673018880,"@jorgegrev was one of the reasons I got into community. He has built countless communities/initiatives, brought tons of new folks into the ecosystem. He's currently rocking the @BBK_eus Bootcamp with @TheBridge_Tech helping unemployed people learn tech! https://t.co/m6QXoH6V69",2023-01-27 16:06:53+00:00,1101664008,birthmarkbart,Bart Farrell,1,1,1,0
1619002323685998595,"Â¡Estudia ahora y paga cuando encuentres trabajo! ConviÃ©rtete en experto digital con los #bootcamps de @bbk_eus by @TheBridge_Tech ğŸ‘©â€ğŸ’» En formato full time o part time tardes, presencial o hÃ­brido Â¡tÃº decides! 
 
MÃ¡s info â¡ https://t.co/eVj9kI4yZH",2023-01-27 16:00:08+00:00,550417439,BilboStack,BilboStack Conference,0,0,2,0
1618974318062624770,"ğŸ¤ğŸ» Un placer aportar nuestro granito de arena en el #bootcamp de @TheBridge_Tech 

Gracias a todos los asistentes por la acogida, estamos ultimando detalles de nuestra GuÃ­a de Empleo para que la tengÃ¡is disponible a lo largo del mes de febrero ğŸ“ŒğŸ

Â¡Nos vemos pronto!ğŸ˜ https://t.co/CLTRmUN9Ob",2023-01-27 14:08:51+00:00,1455515154133786625,Tadatic_,ğŸš€ Tadatic,0,0,3,0
1618932344655847425,"Â¡Vive ğŸ”´EN DIRECTO el #desafiodetripulacionesâš” de Valencia! Grandes proyectos digitales para los barrios de la ciudad.

RegÃ­strate y accedeğŸ‘‰https://t.co/LUY0APwb9e

Â¡Gracias @EDEM_uni @EDEMempresarios por acogernos!",2023-01-27 11:22:03+00:00,1162694149956603904,TheBridge_Tech,The Bridge,3,0,4,0
1618930569097748481,"Se buscan personas para cambiar de vida ğŸ˜Â¿Listo para ser una de ellas? Dale un giro a tu carrera y entrÃ©nate en las profesiones mÃ¡s demandas con los bootcamps de @bbk_eus by @TheBridge_Tech ğŸš€ 
 
Â¿Quieres saber mÃ¡s? â¡ https://t.co/eVj9kI4yZH",2023-01-27 11:15:00+00:00,550417439,BilboStack,BilboStack Conference,0,0,1,0
1618634157013467136,"ğŸ“Œ Hoy 26 de enero, tenemos el placer de participar en el Bootcamp de @TheBridge_Tech 

Nuestro COO @javiercadierno hablarÃ¡ sobre empleabilidad en el marco actual

ğŸ Como novedad, tambiÃ©n presentaremos una nueva GuÃ­a de Empleo que estarÃ¡ disponible en febrero 

Â¡Nos vemos!âœŒğŸ»",2023-01-26 15:37:10+00:00,1455515154133786625,Tadatic_,ğŸš€ Tadatic,2,0,4,0
1618630761564995585,@nodosenlared @snowded @TheBridge_Tech Y eso es religiÃ³n??,2023-01-26 15:23:40+00:00,1524905248007114783,FiscoRodriguez,Fisco Rodriguez,0,0,0,0
1618619747100422145,"Â¡Nuevo taller #UXUI en #Valencia!ğŸ¤³

Si te interesa saber mÃ¡s sobre una de las profesiones mÃ¡s demandadas, nos vemos el prÃ³ximo jueves en â€œCÃ³mo maximizar el valor de tu usuarioâ€.

ğŸ“†2 feb
â°18.00 h
ğŸ“En @EDEM_uni 

EntradasğŸŸhttps://t.co/EUCuaZPxO2

#uxuiproductdesign #bootcamp https://t.co/YnvBKpNLhe",2023-01-26 14:39:54+00:00,1162694149956603904,TheBridge_Tech,The Bridge,3,0,2,0
1618594341152522243,"ğŸ¯Â¿Te gustarÃ­a acelerar tu #talento digital?
 
Â¡Descubre las ventajas y oportunidades que ofrecen los #Bootcamps de @ENCamaraSevilla y @TheBridge_Tech, que se celebran en #Sevilla!

ğŸ•Hoy a las 18:00hâ¡ï¸Â¡TodavÃ­a estÃ¡s a tiempo de lanzar tu futuro!

Info:

https://t.co/6uJDY9Hs1E https://t.co/rsbnVAP9Y1",2023-01-26 12:58:57+00:00,106344840,camaradesevilla,CÃ¡mara de Comercio de Sevilla,0,0,3,0
1618263109570797570,"Â¡No te pierdas la prÃ³xima masterclass de #datascience en #Bilbao!

Una introducciÃ³n a la ciencia de datos, los modelos predictivos y el machine learning ğŸ˜

ğŸ“†2 feb
â°18.30 h
ğŸ“En @BBK_Kuna

ğŸŸEntradas https://t.co/8ciaM9MJah

@BBK_eus #bbkbootcampspoweredbythebridge https://t.co/jvfQ7PgU1r",2023-01-25 15:02:45+00:00,1162694149956603904,TheBridge_Tech,The Bridge,5,0,4,0
1618156230744379392,"Â¡Volvemos a la carga con el taller de #OSINT! Si quieres un primer acercamiento con la #ciberseguridad ğŸ‘¾Â¡este es tu momento!

ğŸ“†1 feb
â°18h
ğŸ’»Online 

Entradas ğŸŸhttps://t.co/GyaNQj5pJQ https://t.co/BbEjLm1Xpf",2023-01-25 07:58:03+00:00,1162694149956603904,TheBridge_Tech,The Bridge,2,0,3,0
1618153065185677313,"Â¡Os esperamos en @BBK_Kuna!

ApÃºntate ya ğŸ‘‰ https://t.co/qOZNd32WYi

#bbkbootcampspoweredbythebridge @BBK_eus",2023-01-25 07:45:29+00:00,1162694149956603904,TheBridge_Tech,The Bridge,0,0,2,0
1617986634817105922,"Advanced #Cynefin, Estuarine mapping &amp; EUFG Masterclass (Madrid) https://t.co/H5ZSjbLfpZ | Los interesados en la aplicaciÃ³n de las ciencias de la complejidad en nuestro paÃ­s tendremos la oportunidad de aprender de @snowded en persona el 16/3/23 en la sede de @TheBridge_Tech",2023-01-24 20:44:09+00:00,41545659,nodosenlared,Mario Lopez de Avila,0,0,3,0
1617795268229070848,"ğŸ“…Este jueves a las 18:30 en @BBK_Kuna #masterclass de desarrollo web #FullStack por @AlejandroRegex 

Descubre como introducirte al mundo de la #programaciÃ³n Web gracias a #BBKbootcamps 

@BBK_eus @TheBridge_Tech @BBKnetwork #Bilbao 

â¡ï¸InscripciÃ³n: https://t.co/k3ghb3Ys92 https://t.co/9JOy3bRRCp",2023-01-24 08:03:43+00:00,2402179123,jorgegrev,Jorge GonzÃ¡lez Revilla,1,0,1,2
1617505421354213376,"Presentamos Reinventadxs, historias reales de personas que han hecho un #reskilling total hacia profesiones digitales ğŸ‘¨â€ğŸ’»

Â¿Quieres saber cÃ³mo lo hicieron @Gobuub o @Ari_Reinventada? Â¡Te esperamos!

ğŸ“†2 febrero
â°18 horas
ğŸ“En el @milmadrid_ 

ApÃºntate â¡https://t.co/R7QXKlL6Ii https://t.co/jtK5e1x1Zu",2023-01-23 12:51:58+00:00,1162694149956603904,TheBridge_Tech,The Bridge,3,0,6,1
1617466909334638592,"Pero aquÃ­ no termina esto! DespuÃ©s de las charlas, podrÃ¡s conocerlos y charlar con ellos, ya que compartiremos unas caÃ±as ğŸ» y haremos networking del bueno, ademÃ¡s de que sÃ³lo por asistir tendrÃ¡s la posibilidad de acceder a becas especiales de nuestro partner @TheBridge_Tech",2023-01-23 10:18:56+00:00,4899284631,my_tech_plan,My Tech Plan,0,1,1,0
1617455834924982272,"Aprende hoy las profesiones del futuro ğŸ‘¨â€ğŸ’» FÃ³rmate en #UxUiProductDesign, #DesarrolloWebFullStack, #DataScience y #Ciberseguridad con los bootcamps de @bbk_eus by @TheBridge_Tech y acelera tu carrera digitalğŸš€
MÃ¡s info ğŸ‘‰ https://t.co/fMszTZfHld",2023-01-23 09:34:56+00:00,550417439,BilboStack,BilboStack Conference,1,0,3,0
1616488570008768514,"ğŸ’¥ Llega la @globalgamejam , a #42UrdulizFTef, Ãºnica sede en Bizkaia del evento de desarrollo de #videojuegos ğŸ® mÃ¡s grande del mundo ğŸŒ

ğŸ—“ 3-5 FEB
ğŸ“ 42 Urduliz

Con la colaboraciÃ³n de @DigiPenBilbao y @TheBridge_Tech @BBK_eus 

âœï¸ InscrÃ­bete gratis en https://t.co/PV3kJn7Vvv https://t.co/IK9QGeuKeo",2023-01-20 17:31:22+00:00,1288769305014939650,42UrdulizFTef,42 Urduliz,4,0,9,0
1616364270710853641,"â“ Â¿Para quiÃ©n es un #bootcamp? Â¿Tengo que saber de tecnologÃ­a previamente? Â¿QuÃ© me puede aportar si ya tengo un perfil tecnolÃ³gico? En este vÃ­deo encontrarÃ¡s respuestas.

â¡ Un click para el cambio: https://t.co/vLc8dw80y6

@TheBridge_Tech @BBK_Kuna @BBK_eus https://t.co/BSSdNSY87l",2023-01-20 09:17:27+00:00,2402179123,jorgegrev,Jorge GonzÃ¡lez Revilla,1,0,1,0
1616069260375195655,Un buen resumen de mi charla de ayer sobre vulnerabilidades en el proceso de #CPS en @TheBridge_Tech.,2023-01-19 13:45:11+00:00,91876265,ddamasd,Diana Damas (ella/she),2,0,5,0
1616062224786751489,"Â¿Te gustarÃ­a codear como un profesional? Â¡Ven a la Masterclass de Desarrollo Web Full Stack #Bilbao con @BBK_eusÂ ! Â¡Save the date!

ğŸ“†26 ene
â°18.30h
ğŸ°En @BBK_KunaÂ 

ApÃºntate ğŸ‘‰ https://t.co/KGf6wzaPMw

#Desarrollowebfullstack #bbkbootcampspoweredbythebridge #fullstack #bootcamp https://t.co/Vo3ev9rNr4",2023-01-19 13:17:14+00:00,1162694149956603904,TheBridge_Tech,The Bridge,4,0,5,0
1616010552110718982,@nudpiedo @Recuenco @Godivaciones @ae_bm @TheBridge_Tech @ddamasd Gracias por esta aclaraciÃ³n VÃ­ctor.,2023-01-19 09:51:54+00:00,1003872445,PauMugarra,Pau Mugarra,0,0,2,0
1615827851596505095,@nudpiedo @Godivaciones @ae_bm @TheBridge_Tech @ddamasd @PauMugarra Es una reuniÃ³n fÃ­sica de la comunidad CPS que gestiona @PauMugarra,2023-01-18 21:45:55+00:00,7154412,Recuenco,Javier G. Recuenco,1,0,4,0
1615824135321526278,"@Recuenco @Godivaciones @ae_bm @TheBridge_Tech @ddamasd @PauMugarra Sobreentiendo que se refieren a este https://t.co/QJdYaEsjyF

Meetup, es una App de gente que organiza quedadas temÃ¡ticas. La mayor parte de gente no se conoce a priori, puede ser de cualquier tema, estÃ¡ en todo el mundo.

Ahora quiero tambiÃ©n saber yo si es otra cosa.",2023-01-18 21:31:09+00:00,866742930,nudpiedo,VÃ­ctor ğŸ“–ğŸ,0,2,3,0
1615809886566363136,@Godivaciones @ae_bm @TheBridge_Tech @ddamasd Habla con @PauMugarra .,2023-01-18 20:34:31+00:00,7154412,Recuenco,Javier G. Recuenco,0,1,2,0
1615807528398426126,"@Recuenco @ae_bm @TheBridge_Tech @ddamasd Una cosa, puede ir cualquiera-cualquiera? Porque se debe anunciar en algÃºn sitio, y no sÃ© quiÃ©nes son â€œla comunidadâ€. Los de las afueras de la comunidad cabemos? (Para cuando puedaâ€¦).",2023-01-18 20:25:09+00:00,17287251,Godivaciones,MarÃ­a Blanco #Putin Ğ˜Ğ´Ğ¸ Ğ´Ğ¾Ğ¼Ğ¾Ğ¹.,0,2,3,0
1615804903854641156,@Recuenco @ae_bm @TheBridge_Tech @ddamasd âœŒï¸,2023-01-18 20:14:43+00:00,17287251,Godivaciones,MarÃ­a Blanco #Putin Ğ˜Ğ´Ğ¸ Ğ´Ğ¾Ğ¼Ğ¾Ğ¹.,0,0,1,0
1615803069970714637,"@ae_bm @Godivaciones @TheBridge_Tech @ddamasd Eso es. Y estÃ¡ abierto a toda la comunidad, no hace falta que sean alumnos.",2023-01-18 20:07:26+00:00,7154412,Recuenco,Javier G. Recuenco,0,2,1,0
1615792007909199872,@Godivaciones @Recuenco @TheBridge_Tech @ddamasd creo que son independientes y el lugar del meetup puede variar,2023-01-18 19:23:29+00:00,141272779,ae_bm,aebm,0,1,2,0
1615790291578929185,@ae_bm @Recuenco @TheBridge_Tech @ddamasd Ya. Pregunto si estÃ¡ integrado en su mÃ¡ster (en colaboraciÃ³n con The Bridge) o es otra cosa distinta. Pero ahora creo recordar que el master CPS es online estricto.,2023-01-18 19:16:40+00:00,17287251,Godivaciones,MarÃ­a Blanco #Putin Ğ˜Ğ´Ğ¸ Ğ´Ğ¾Ğ¼Ğ¾Ğ¹.,0,1,2,0
1615786531943235599,@Godivaciones @Recuenco @TheBridge_Tech @ddamasd Una charla de Diana en el marco de la comunidad CPS. Abierto a quien le apetezca ir,2023-01-18 19:01:43+00:00,417307513,Popmart_u2,Popmart,0,0,2,0
1615785967180201995,@Godivaciones @Recuenco @TheBridge_Tech @ddamasd Meetup,2023-01-18 18:59:29+00:00,141272779,ae_bm,aebm,0,1,1,0
1615783265872510976,@Recuenco @TheBridge_Tech @ddamasd Es tu master? Otra cosa?,2023-01-18 18:48:45+00:00,17287251,Godivaciones,MarÃ­a Blanco #Putin Ğ˜Ğ´Ğ¸ Ğ´Ğ¾Ğ¼Ğ¾Ğ¹.,0,2,1,0
1615776913410392065,Mira las rectas en el techo de las fotos de @modaquetepario y de @Recuenco. Puede que el mÃ¡ster de #CPS ayude a encontrar la forma de convertir las luminarias del techo de @TheBridge_Tech en #Madrid en la sede de la oficina donde estÃ¡ @modaquetepario https://t.co/ba848HlgZs,2023-01-18 18:23:30+00:00,212364786,designetworking,Gonzalo OsÃ©s,0,0,2,0
1615774789850775558,@Recuenco @TheBridge_Tech @ddamasd QuÃ© suerte !!,2023-01-18 18:15:04+00:00,1610073819791728640,jnlpz22,J,0,0,2,0
1615772633773256706,En plena meet-up de CPS en @TheBridge_Tech con @ddamasd https://t.co/MkhnOh2Mzw,2023-01-18 18:06:30+00:00,7154412,Recuenco,Javier G. Recuenco,5,2,35,1
1615758687330791424,"@TheBridge_Tech Hola, estoy intentando entrar en la videoconferencia con vuestro enlace, pero no parece que funcione.",2023-01-18 17:11:05+00:00,1232105203,adriskou,AdriÃ¡n MÃ©ndez,0,0,0,0
1615630477360267264,"Si te mola el #cÃ³digo y no sabes por dÃ³nde empezar Â¡ApÃºntate al nuevo taller de #DesarrolloWebFullStack! AprenderÃ¡s las claves de la #programaciÃ³n y podrÃ¡s crear tu primera lÃ­nea de cÃ³digo paso a paso ğŸ˜

ğŸ“†25 ene
â°18.00h
ğŸ§‘â€ğŸ’»Online

Entradas ğŸ‘‰ https://t.co/sUYnUIK7nX

#bootcamp https://t.co/nL6Q8IkIe0",2023-01-18 08:41:37+00:00,1162694149956603904,TheBridge_Tech,The Bridge,1,0,0,0
1615326631807291392,"Â¿Sabes quÃ© es un #ğ—³ğ˜‚ğ—¹ğ—¹ğ˜€ğ˜ğ—®ğ—°ğ—¸ ğ—±ğ—²ğ˜ƒğ—²ğ—¹ğ—¼ğ—½ğ—²ğ—¿? Â¿Te gusta la ğ—½ğ—¿ğ—¼ğ—´ğ—¿ğ—®ğ—ºğ—®ğ—°ğ—¶ğ—¼Ìğ—» #ğ˜„ğ—²ğ—¯? El ğ—±ğ—¶Ìğ—® ğŸ®ğŸ² ğ—²ğ—» @BBK_Kuna te invitamos a una #masterclass introductoria con @AlejandroRegex

Organizada por #BBKbootcamps @BBK_eus @TheBridge_Tech https://t.co/k3ghb3Ys92",2023-01-17 12:34:14+00:00,2402179123,jorgegrev,Jorge GonzÃ¡lez Revilla,1,0,2,0
1615295428542746630,"Ven a conocer el campus de #Sevilla Â¡PrÃ³ximo Open Day!

ğŸ“†26 ene
â°18.00h

Si te interesa formarte en nuevas profesiones digitales Â¡AcÃ©rcate a conocer la metodologÃ­a #bootcamp, a nuestros profes y alumni!

EntradasğŸ‘‰ https://t.co/c9mKNsJyYx

#ciber #fullstack #datascience",2023-01-17 10:30:15+00:00,1162694149956603904,TheBridge_Tech,The Bridge,0,0,0,0
1615279680126337025,"ğŸ¯Â¿Quieres saber cÃ³mo acelerar tu talento digital?
 
Â¡Entonces no puedes perderte nuestra jornada de puertas abiertas de #Bootcamps que organiza @TheBridge_Tech!

Â¡Te esperamos!â¤µï¸â€Š

ğŸ“Sede FormaciÃ³n (Calle Isabela, 1)
ğŸ“…â€Š26 de enero a las 18:00H
ğŸ“²â€Šhttps://t.co/LJXSoA2yR4 https://t.co/0mPVb2sQak",2023-01-17 09:27:40+00:00,163586106,ENCamaraSevilla,Escuela de Negocios,0,0,2,1
1614612464657653760,"@snowded @TheBridge_Tech Se trata de un taller avanzado, que cubre los Ãºltimos avances en los diferentes marcos desarrollados por @snowded , con especial menciÃ³n del #Estuarine framework. https://t.co/8EVHVXGYmc , en mi opiniÃ³n la aportaciÃ³n mÃ¡s importante hecha en 2022 en materia de #AppliedComplexity https://t.co/mUCg9eywvt",2023-01-15 13:16:24+00:00,41545659,nodosenlared,Mario Lopez de Avila,5,1,10,0
1614612463361695747,"Advanced #Cynefin, Estuarine mapping &amp; EUFG Masterclass (Madrid) https://t.co/H5ZSjbKHAr | Los interesados en la aplicaciÃ³n de las ciencias de la complejidad en nuestro paÃ­s tendremos la oportunidad de aprender de @snowded en persona el 16/3/23 en la sede de @TheBridge_Tech https://t.co/LavCfgYIht",2023-01-15 13:16:23+00:00,41545659,nodosenlared,Mario Lopez de Avila,49,7,322,4
1613839631119704064,"Â¡SÃºper Masterclass ayer de #uxui en #Bilbao!

Con nuestro profe JosÃ© Luis Tienza aprendiendo los principios del diseÃ±o de producto digital ğŸ¤³

Â¡Gracias a todos los asistentes!ğŸ™Œ

Os esperamos en la siguiente en @bbkkuna @bbk_eus
#bbkbootcampspoweredbythebridge #productdesign https://t.co/YfhDQgdI2t",2023-01-13 10:05:26+00:00,1162694149956603904,TheBridge_Tech,The Bridge,2,0,2,0
1613822680993497090,"Â¡No te pierdas el prÃ³ximo taller de #DataScience! Descubriremos juntos todo lo que puede lograr la #inteligenciaartificial 

ğŸ“†18 ene

â°18h

ğŸ’»Online

Â¡InscrÃ­bete ya! â¡https://t.co/Jwf1vGgf8F

#freeevents #cienciadedatos #bootcamps #machinelearning #ia https://t.co/bCaSb9APBJ",2023-01-13 08:58:05+00:00,1162694149956603904,TheBridge_Tech,The Bridge,2,1,1,0
1613822083259146240,"AsÃ­ fue la jornada de diseÃ±o de producto digital #uxui ayer en @BBK_Kuna impartida por JosÃ© Luis Tienza de @TheBridge_Tech 

Si te quedaste con ganas de mÃ¡s aquÃ­ tienes nuestro #BBKbootcamp https://t.co/Yoq7FGIH1T https://t.co/W5eHltyp8X",2023-01-13 08:55:42+00:00,2402179123,jorgegrev,Jorge GonzÃ¡lez Revilla,2,0,3,0
1613519848339808262,"Â¿Quieres dedicarte al #desarrolloweb?
Â¡ConÃ©ctate a nuestra sesiÃ³n informativa y conoce nuestro #bootcamp junto @TheBridge_Tech !

ğŸ“†17 ene
â°17h
ğŸ’»Online

Entrada gratuita ğŸŸ
https://t.co/y2a9xcIrxz

#desarrollowebfullstack #programacionweb #backend #frontend https://t.co/fXjSfpXt1g",2023-01-12 12:54:44+00:00,2529499620,formacion_fuc3,FormaciÃ³n FundaciÃ³n Universidad Carlos III,2,0,1,0
1613480908304048132,"ğŸ§ Â¿Quieres ser un profesional de la #ciberseguridad, el diseÃ±o de productos UX/UI, el Data Science o el desarrollo #FullStack?

InscrÃ­bete al OpenDay de @EDEMempresarios powered by @TheBridge_Tech que se realizarÃ¡ hoy a las 18:00 en sus instalaciones ğŸ¤³
https://t.co/Nwl3MnKFmU",2023-01-12 10:20:00+00:00,874916978665938945,Startup_VLC,Startup Valencia,1,0,4,0
1613453595323645952,"HOY #masterclass de #UXUI IntroducciÃ³n al diseÃ±o de #producto digital con Jose Luis Tienza 

ğŸ• 18:30h. en @BBK_Kuna, Urazurrutia Kalea 3, #Bilbao 

Organiza: #BBKbootcamps by The Bridge
@BBK_eus @TheBridge_Tech 

https://t.co/yHHKfmgc0t",2023-01-12 08:31:28+00:00,2402179123,jorgegrev,Jorge GonzÃ¡lez Revilla,2,0,2,0
1612833761120473091,"Â¡Lanzamos las #Becas4talenttech!âš¡

Accede a nuestros #bootcamps de #cloud y #marketingdigital con condiciones especiales y dale el giro que estÃ¡s buscando a tu carrera ğŸ§‘â€ğŸ’»

Â¡Aprovecha el descuento! Â¡Empezamos las clases el 3âƒ£0âƒ£ de enero!

MÃ¡s info â¡https://t.co/ewbadcKq8S https://t.co/MWNRJG4WeV",2023-01-10 15:28:28+00:00,1162694149956603904,TheBridge_Tech,The Bridge,1,0,1,0
1612832096002740224,"Â¡No te pierdas este jueves nuestra masterclass de #uxui en #Bilbao junto a @BBK_eus!ğŸ™Œ

Entradas ğŸ‘‰https://t.co/9MMAeNmViQ",2023-01-10 15:21:51+00:00,1162694149956603904,TheBridge_Tech,The Bridge,0,0,1,0
1612763420998213635,"ğŸ‘¨â€ğŸ’» Este ğ—·ğ˜‚ğ—²ğ˜ƒğ—²ğ˜€ ğ—® ğ—¹ğ—®ğ˜€ ğŸ­ğŸ´:ğŸ¯ğŸ¬ ğ—²ğ—» @BBK_Kuna  #Masterclass de diseÃ±o de producto digital #UXUI con Jose Luis Tienza.

Explicaremos cÃ³mo #bbkbootcamps te pueden ayudar a ser un profesional digital gracias a @BBK_eus @TheBridge_Tech 

â¡ï¸ApÃºntate:
https://t.co/yHHKfmgc0t https://t.co/3hWyHylVEb",2023-01-10 10:48:57+00:00,2402179123,jorgegrev,Jorge GonzÃ¡lez Revilla,0,0,2,1
1612479188589486088,"Â¿Quieres formarte en #desarrolloweb? ConÃ©ctate a nuestra sesiÃ³n informativa y conoce el #bootcamp junto @fuc3

âœ…9/18 semanas
âœ…Full Time/Part Time
âœ…100% prÃ¡ctico con el apoyo de un Lead Instructor.

Â¡Un futuro digital te espera!

Entradas ğŸŸ https://t.co/bUV8CbGe8B https://t.co/W8Io5GwJvF",2023-01-09 15:59:31+00:00,1162694149956603904,TheBridge_Tech,The Bridge,1,0,1,0
1612429007739396097,"Ya tenemos confirmado el sitio donde haremos el meetup de #CPS de la semana que viene. La gente de @TheBridge_Tech, en su infinita generosidad, vuelve a dejarnos su espacio.

Y tambiÃ©n tenemos tÃ­tulo para la charla de @ddamasd: ""Las ingles"".

Â¡Nos vemos allÃ­!",2023-01-09 12:40:07+00:00,1003872445,PauMugarra,Pau Mugarra,2,0,7,0
1612411945251905537,"Â¿Quieres conocer nuestro campus de Madrid?

AcÃ©rcate el prÃ³ximo Open Day y deja que te cuenten la experiencia de hacer un #bootcamp Â¡tenemos a los mejores invitados! Nuestros ALUMNIS ğŸ¤©

ğŸ“†17 ene
â°18.00h
ğŸ°En Paseo Recoletos 15, Madrid

EntradasğŸ‘‰ https://t.co/kXqT8ZnMNz https://t.co/BdoMqlQpJm",2023-01-09 11:32:19+00:00,1162694149956603904,TheBridge_Tech,The Bridge,1,0,1,0
1612384123816910852,"Â¿Quieres desarrollar tu carrera en el mundo digital y tech?Te contamos cÃ³mo en el #OpenDay #Bootcamps con @TheBridge_Tech

Te esperamos si te apasiona el mundo de la ciberseguridad, ciencia de datos, desarrollo de software o diseÃ±o de productos digitalesğŸ‘‰https://t.co/NXRiXndJAD https://t.co/m10cly6Bgv",2023-01-09 09:41:46+00:00,570795448,EDEMempresarios,EDEM,2,0,4,2
1611813891322908672,ğŸš€ @EDEMempresarios  y @TheBridge_Tech  se alÃ­an para impartir bootcamps de desarrollo digital y tecnolÃ³gico en Valencia | Valientes Emprendedores https://t.co/OBYdVWWPQy,2023-01-07 19:55:52+00:00,271028835,valientesempren,Valientes Emprendedores,2,0,7,0
1611338908196913153,Gracias a nuestros amigos @TheBridge_Tech por acogernos otra vez! ğŸ™,2023-01-06 12:28:27+00:00,1530194743786881024,BitcoinTuesday_,Bitcoin Tuesday,0,0,2,0
1610652818234347521,"Â¿Te interesa el diseÃ±o de #producto digital? Ven a una #masterclass de #uxui gratuita gracias a #BBKbootcamps

ğŸ“… Jueves 12 de enero a las 18:30h.
ğŸ• 1 hora
ğŸ‘¥ @BBK_Kuna, Urazurrutia Kalea 3, #Bilbao
Organiza: BBK Bootcamps by @TheBridge_Tech  https://t.co/T3xvMIT9My",2023-01-04 15:02:11+00:00,10279282,mkpositivo,JesÃºs PÃ©rez Serna,2,0,3,0
1610606391445815297,"Â¡Empezamos el aÃ±o con una #masterclass de #uxui! IntroducciÃ³n al diseÃ±o de #producto digital gracias a Jose Luis Tienza 

ğŸ“… Jueves 12 de enero a las 18:30h.
ğŸ• 1 hora
ğŸ‘¥ @BBK_Kuna, Urazurrutia Kalea 3, #Bilbao
Organiza: BBK Bootcamps by @TheBridge_Tech

https://t.co/yHHKfmgJQ1",2023-01-04 11:57:41+00:00,2402179123,jorgegrev,Jorge GonzÃ¡lez Revilla,2,0,3,0
1610581093119365121,"Â¿Te planteas un futuro como diseÃ±ador #uxui?ğŸ¨

Asiste a nuestra masterclass en #Bilbao con @BBK_eus y descubre todo sobre una de las profesiones mÃ¡s demandadasğŸ™Œ

ğŸ“†12 ene
â°18.30h
ğŸ“En @BBK_Kuna

EntradasğŸŸ https://t.co/9MMAeNmViQ https://t.co/Uwm1bgsNzN",2023-01-04 10:17:10+00:00,1162694149956603904,TheBridge_Tech,The Bridge,3,0,4,0
1610236180309868544,"Echa unğŸ‘€a la historia de VerÃ³nica, alumni del bootcamp de #ciber que decidiÃ³ reorientar su carrera como abogada hacia la #ciberseguridad Â¡Poco a poco mÃ¡s mujeres forman parte del sector #tech! 

Â¡Dale al â–¶!

Conoce mÃ¡s sobre el #bootcamp ğŸ‘‰https://t.co/CDLocV2G9o https://t.co/SgVVNusklT",2023-01-03 11:26:36+00:00,1162694149956603904,TheBridge_Tech,The Bridge,1,0,2,0
1609931268921114627,"ğŸ¤ @EDEMempresarios se alÃ­a con @TheBridge_Tech para impartir bootcamps tecnolÃ³gicos en #Valencia

La alianza busca reducir la brecha digital existente potenciando la formaciÃ³n tecnolÃ³gica con mÃ¡s empleabilidad y demanda dentro del mercado laboral ğŸš€
https://t.co/9zNT9BuCz3",2023-01-02 15:15:00+00:00,874916978665938945,Startup_VLC,Startup Valencia,1,0,5,0
1608502937332113408,"Empieza el aÃ±o formÃ¡ndote en una de las profesiones con mÃ¡s ğ—±ğ—²ğ—ºğ—®ğ—»ğ—±ğ—® ğ—¹ğ—®ğ—¯ğ—¼ğ—¿ğ—®ğ—¹. âš 

Toma las riendas del 2023 y vente el 12/01 al Open Day donde te contaremos todo sobre los Bootcamps que te cambiarÃ¡n la vida junto a @TheBridge_Tech. ğŸ¤¯

https://t.co/RnAcI6FUzc",2022-12-29 16:39:19+00:00,1151510939105144834,EDEM_uni,EDEM universitarios,1,0,4,0
1608445776732246017,"Los 4 bootcamps tecnolÃ³gicos de EDEM y @TheBridge_Tech en los empleos mÃ¡s demandados ğŸ”

â–¶ Data Science
â–¶ Desarrollo Web Full Stack
â–¶ UX/UI Product Design
â–¶ Ciberseguridad

Toda la info â¬‡
https://t.co/hXDfJnLKPl",2022-12-29 12:52:11+00:00,570795448,EDEMempresarios,EDEM,0,0,2,0
1608391421014196224,"@EDEMempresarios acoge el 12 de enero un Open Day en el que participan responsables de @TheBridge_Tech y de @EDEMempresarios para presentar los 4 bootcamps que acercarÃ¡n a sus alumnos a profesiones con alta demandaÂ 

https://t.co/ICzciLvWBo",2022-12-29 09:16:11+00:00,1128860148,Economia_3,EconomÃ­a 3,0,0,2,0
1607662809575292929,"Si estÃ¡s buscando una profesiÃ³n que te cambie la vida, acÃ©rcate a nuestro Open Day donde presentaremos la alianza #EDEMpoweredbyTheBridge @TheBridge_Tech, una serie de bootcamps de desarrollo digital y tecnolÃ³gico.

https://t.co/NXRiXndJAD https://t.co/76bmkSVtzc",2022-12-27 09:00:57+00:00,570795448,EDEMempresarios,EDEM,0,0,5,0
1606271930763354112,"En @TheBridge_Tech tenemos un deseo para tiğŸ’«
Â¡QuÃ© el 2023 venga cargado de Ã©xitos!

Â¡Felices Fiestas!ğŸ„

#christmastime #felicesfiestas #navidad #bye2022 https://t.co/jfEiMIJb3H",2022-12-23 12:54:06+00:00,1162694149956603904,TheBridge_Tech,The Bridge,1,0,1,0
1606074933033009152,. @EDEMempresarios y  @TheBridge_Tech se alÃ­an para impartir bootcamps de desarrollo digital y tecnolÃ³gico en Valencia @marina_empresas â˜›  https://t.co/LzsE3Tssvm #mediterrÃ¡neopress #tudiariodigital #comunitatvalenciana #polÃ­tica #economÃ­a #empresa #turismo vÃ­a @MediterrneoPress,2022-12-22 23:51:18+00:00,799935450844631040,MediterraneoPre,MediterrÃ¡neoPress,0,0,3,0
1605865639213670400,"ğŸ“š FormaciÃ³n

@EDEMempresarios y la aceleradora de talento digital @TheBridge_Tech se unen para impartir #bootcamps tecnolÃ³gicos

El objetivo es reducir la brecha digital y potenciar la formaciÃ³n en competencias digitales y tecnolÃ³gicas

ğŸ“ª @valenciaplaza

https://t.co/ce6EiOTTil",2022-12-22 09:59:38+00:00,921670812637257728,VLCTechCity,VLC Tech City,0,0,2,0
1605849476895162368,"Â¡Ven al prÃ³ximo #OpenDayValencia y conoce los #bootcamps de @EDEMempresarios y @TheBridge_Tech!

FÃ³rmate en #UxUiProductDesign, #Ciberseguridad, #DesarrolloWebFullStack y #DataScienceğŸš€

ğŸ“… 12 ene
â° 18h
ğŸ“ Edem, La Marina de Valencia.

ApÃºntate ya ğŸ‘‰https://t.co/21C0KvqSGH https://t.co/VHcQbt34rf",2022-12-22 08:55:25+00:00,1162694149956603904,TheBridge_Tech,The Bridge,4,0,4,0
1605552650119847938,"EDEM y The Bridge se alÃ­an para impartir bootcamps de desarrollo digital y tecnolÃ³gico en Valencia https://t.co/IxzYpCc0Y6 
@EDEMempresarios
@marina_empresas
@TheBridge_Tech
#BootcampsDeDesarrolloDigitalyTecnolÃ³gico",2022-12-21 13:15:56+00:00,1175646685,ValenciaNews_es,ValÃ©ncia News,1,0,7,0
1605541094397198336,"ğŸ’» @EDEMempresarios y @TheBridge_Tech se alÃ­an para impartir bootcamps de desarrollo digital y tecnolÃ³gico en ValÃ¨ncia.
https://t.co/M4vuwgM1qO",2022-12-21 12:30:01+00:00,402013017,radiovalencia,Radio Valencia SER,2,0,5,0
1605529111002087425,"Nuevo partner en #Valencia â¡ @EDEMempresarios

EDEM acogerÃ¡ los programas de #DesarrolloWebFullStack, #DataScience, #UXUIProductDesign y #Ciberseguridad ğŸ™Œ Un nuevo campus frente al mar ğŸŒŠ y un ecosistema emprendedor y tecnolÃ³gico.

Empezamos en eneroğŸ‘‰https://t.co/KeViIkYRwu https://t.co/GLVGLpxDPM",2022-12-21 11:42:24+00:00,1162694149956603904,TheBridge_Tech,The Bridge,2,0,4,0
1605506556123963392,"#EDEMpoweredbyTheBridge la revoluciÃ³n formativa en tecnologÃ­a.ğŸ¤¯ 

@TheBridge_Tech y #EDEM nos unimos para formar en profesiones que cambiarÃ¡n vidas.
Â 
EspecialÃ­zate en 4 #bootcamps intensivos sobre tecnologÃ­a. ğŸ‘©â€ğŸ’»
Â 
Este es el inicio del cambio. ğŸ‘‰ https://t.co/uobTtpxxaO https://t.co/AwJJ0mSHhY",2022-12-21 10:12:46+00:00,570795448,EDEMempresarios,EDEM,3,0,6,0
1603702882209075200,"No tenemos mÃ¡s que palabras de agradecimiento para nuestro anfitriÃ³n, @TheBridge_Tech cuyo Consejero Delegado, Iker Arce @ikerarceseco, intervino en la sesiÃ³n inaugural del I Congreso de #ciberseguridad para #pymes del pasado 14 de diciembre. https://t.co/jTivSdsFA9",2022-12-16 10:45:37+00:00,1407291884901482496,Cyber_Madrid,Cluster CyberMadrid,0,0,1,0
1603414556331614218,"Â¿Te gusta la #cienciadedatos?ğŸ¤–

Â¡ApÃºntate al prÃ³ximo taller de #DataScience en #Sevilla! 

ğŸ“… 20 dic
â° 18.30h
ğŸ“ Campus @ENCamaraSevilla 

Pilla ya tu entradağŸ‘‰https://t.co/dV0GihLPpB https://t.co/qY6ZoKARPY",2022-12-15 15:39:54+00:00,1162694149956603904,TheBridge_Tech,The Bridge,2,0,3,0
1603413934966448129,"PrÃ³ximo taller de #DesarrolloWebFullStack en #Sevilla en @ENCamaraSevilla ğŸ™Œ

Si te interesa la #programacionweb Â¡no dudes en apuntarte!

ğŸ“… 19 de diciembre
â° 18.30 horas

Entrada Full Stack ğŸ‘‰https://t.co/CWuhtDpErV

#bootcamp #digitaltalent https://t.co/Umz7ktc3xe",2022-12-15 15:37:26+00:00,1162694149956603904,TheBridge_Tech,The Bridge,1,0,2,0
1602738464902250497,@libertariadora @JavierAMaestre @kilrau @GaboHBeaumont @olya_borderless ğŸ™ğŸ» @TheBridge_Tech,2022-12-13 18:53:22+00:00,1530194743786881024,BitcoinTuesday_,Bitcoin Tuesday,0,0,2,0
1602577299689308162,"Â¿QuÃ© son los #BBKBootcamps? Â¿Un entrenamiento militar llevado al Ã¡mbito tecnolÃ³gico? ğŸ¤”

Nuestro campus manager en #Bilbao @jorgegrev lo explica â–¶

Â¡Acelera tu carrera digital con @BBK_eus y @TheBridge_Tech!

MÃ¡s info ğŸ‘‰https://t.co/Ond8JeAMV8 https://t.co/vIzycdoEJX",2022-12-13 08:12:57+00:00,1162694149956603904,TheBridge_Tech,The Bridge,4,0,4,0
1602215568127426562,"ğŸ’¡Â¡Interesante entrevista a nuestro Director de TecnologÃ­a Ramon Lozano sobre cÃ³mo afrontar los problemas de #talento #Digital en las empresas tecnolÃ³gicas!

ğŸ”½https://t.co/7a32ZHgefI

#BeZucchetti #innovaciÃ³n #tecnologÃ­a 
 @BBK_eus @TheBridge_Tech 
@ZucchettiSpa @ZucchettiWorld",2022-12-12 08:15:33+00:00,108885393,ZucchettiSpain,Zucchetti Spain,0,0,3,0
1600507365006131204,"Â¿#WebDeveloper en 9âƒ£ semanas? Ven a conocer el #bootcamp de @formacion_fuc3 y @TheBridge_Tech Â¡Un entrenamiento 100% prÃ¡ctico para dominar el Stack MERN!

Conoce mÃ¡s sobre el programa y resuelve tus dudasğŸ‘¨â€ğŸ’»

ğŸ“… 14 dic
â° 17.00h

Â¡ApÃºntate! ğŸ‘‰https://t.co/tzLp85Jy4E https://t.co/UVMqS0uyYq",2022-12-07 15:07:46+00:00,1162694149956603904,TheBridge_Tech,The Bridge,1,0,1,0
1600397969282330624,@javgr @FUniversia @IndraCompany @minsaitbyindra Â¡Enhorabuena @javgr! ğŸ‘,2022-12-07 07:53:04+00:00,1162694149956603904,TheBridge_Tech,The Bridge,0,0,1,0
1600198528323575809,"Hoy llegÃ³ mi Â«Certificado de GraduaciÃ³nÂ» en #fullstackdeveloper con @TheBridge_Tech , promovido por  @FUniversia  y  financiado por @IndraCompany / @minsaitbyindra  Â¡Toca celebrar! https://t.co/LhqRBltkgm",2022-12-06 18:40:34+00:00,49219057,javgr,Javier Guerra,0,1,1,1
1600126475579039744,"El prÃ³ximo 13 de diciembre tendremos la Ãºltima sesiÃ³n de #EmotionalWellness con @Mariagutim de @Hiwook_Jobs ""Ira y rencor: estar a punto de estallar"" Â¡No te lo pierdas!

â°18.30h
ğŸ§‘ğŸ’»Online

ApÃºntate ya ğŸ‘‰ https://t.co/5fdMuzQ88m https://t.co/DD1Ug9pKUz",2022-12-06 13:54:15+00:00,1162694149956603904,TheBridge_Tech,The Bridge,1,0,1,0
1600067592143740931,"En la presentaciÃ³n de los nuevos #BBKBootcamps realizada en colaboraciÃ³n @TheBridge_Tech en la @BAT_Tower, tambiÃ©n charlamos con RamÃ³n Lozano de @ZucchettiSpain sobre los principales problemas de #talento #digital que surgen en empresas tecnolÃ³gicas y cÃ³mo afrontarlos. https://t.co/KUQR6CkCWQ",2022-12-06 10:00:16+00:00,702077405045899264,BBK_eus,FundaciÃ³n BBK | Obra Social,1,0,3,0
1599831430288359449,"guillerdorron: RT @BBK_eus: Tras la presentaciÃ³n de la nueva ediciÃ³n de #BBKBootcamps realizada en colaboraciÃ³n con @TheBridge_Tech en la torre @BAT_Tower, pudimos charlar con @guillerdorron 
 de @Zabala_IC sobre cÃ³mo potenciar el #talento actual y cuÃ¡leâ€¦ https://t.co/NEbbBGGc1x",2022-12-05 18:21:51+00:00,146406912,EditaOla,Edita Olaizola,0,0,1,0
1599798391738810368,"Â¿Sientes curiosidad por #programacion o #cienciadedatos? apÃºntate a nuestros talleres de #DesarrolloWebFullStack y #DataScience en #Sevilla. 

ğŸ“… 19 y 20 dic
â° 18.30h
ğŸ“ Campus @ENCamaraSevilla

Entrada Full Stack ğŸ‘‰https://t.co/CWuhtDHfjt
Entrada DatağŸ‘‰https://t.co/dV0Gii3qh9 https://t.co/qnyrfQEJ9M",2022-12-05 16:10:34+00:00,1162694149956603904,TheBridge_Tech,The Bridge,1,0,1,0
1599765621025169409,"Tras la presentaciÃ³n de la nueva ediciÃ³n de #BBKBootcamps realizada en colaboraciÃ³n con @TheBridge_Tech en la torre @BAT_Tower, pudimos charlar con @guillerdorron 
 de @Zabala_IC sobre cÃ³mo potenciar el #talento actual y cuÃ¡les son los perfiles tecnolÃ³gicos mÃ¡s demandados. https://t.co/TIjvj3b4cL",2022-12-05 14:00:20+00:00,702077405045899264,BBK_eus,FundaciÃ³n BBK | Obra Social,2,0,7,0
1599042965573599233,"Agredecemos @TheBridge_Tech por acoger nuestro Meetup una vez mas! ğŸ”¥

Parece que los #Bitcoin ers pueden comportarse despuÃ©s de todo ğŸ˜

Mas sobre @TheBridge_Tech ğŸ‘‰https://t.co/BjzDxBd9toğŸ‘ˆ",2022-12-03 14:08:46+00:00,1530194743786881024,BitcoinTuesday_,Bitcoin Tuesday,4,0,5,0
1598635008314458112,"Â¡AsÃ­ lo pasamos en el #OpenDay que celebramos ayer en #Bilbao junto a @BBK_eus! Descubriendo profesiones como #datascience #ciberseguridad #desarrollowebfullstack #uxuiproductdesign

Â¿Quieres acelerar tu carrera? Toda la informaciÃ³n de los #BBKBootcamps â¡https://t.co/Z9gmJIQRyZ https://t.co/ljzUKutKF9",2022-12-02 11:07:41+00:00,1162694149956603904,TheBridge_Tech,The Bridge,3,0,6,0
1598597870797688833,"ğŸ’¡ Interesante intervenciÃ³n de RamÃ³n Lozano, director de #Tecnologia de Zucchetti Spain, en la mesa redonda sobre la urgencia de cerrar la  brecha digital en Euskadi celebrada ayer.

Una iniciativa de @BBK_eus @TheBridge_Tech

#BeZucchetti
@ZucchettiSpa @ZucchettiWorld",2022-12-02 08:40:07+00:00,108885393,ZucchettiSpain,Zucchetti Spain,1,0,4,0
1598359807005802497,"Especial agradecimiento a @sarasola_nora, Directora de Obra Social; @ikerarceseco, CEO de @TheBridge_Tech; @OAldayturriaga, Responsable de EducaciÃ³n, Talento y Emprendimiento; Tomas Iriondo, Director de @ClusterGaia; @guillerdorron de @Zabala_IC; y Ramon Lozano de @ZucchettiSpain",2022-12-01 16:54:08+00:00,702077405045899264,BBK_eus,FundaciÃ³n BBK | Obra Social,0,0,4,0
1598346448138956801,"ğŸ”™ Atzo oso jardunaldi interesgarria izan genuen @BAT_Tower -ean @TheBridge_Tech  -rekin elkarlanean egindako BBK Bootcamp-en edizio berria aurkezteko ekitaldian. Mila esker aurkezpenera etorri zineten guztioi ğŸ¤— 

â„¹ï¸â•  https://t.co/oq37igkvIS https://t.co/ahuKUJ1IKY",2022-12-01 16:01:03+00:00,702077405045899264,BBK_eus,FundaciÃ³n BBK | Obra Social,0,0,0,0
1598345815583608832,"ğŸ”™ Ayer vivimos una jornada muy interesante en el evento de presentaciÃ³n de la nueva ediciÃ³n de #BBKBootcamps realizada en colaboraciÃ³n con @TheBridge_Tech en la @BAT_Tower. Muchas gracias a todas las personas que acudisteis a la presentaciÃ³n ğŸ¤—

â•â„¹ï¸  https://t.co/4tyJZlGVPW https://t.co/39Y275Hr5Y",2022-12-01 15:58:32+00:00,702077405045899264,BBK_eus,FundaciÃ³n BBK | Obra Social,2,1,3,0
1598305274309316609,"Â¿Quieres conocer todo sobre el #bootcamp de #DesarrolloWebFullStack de @TheBridge_Tech  y la @FundacionUc3  ?

No te pierdas la sesiÃ³n informativaâ—â—

ğŸ“…14 diciembre
â°17h.
ğŸ“ Campus Madrid-Puerta de Toledo.
ğŸ’» online.

ğŸ«Entrada #gratuita â¡ https://t.co/QiIRpb9108 https://t.co/rQ2WzDJMch",2022-12-01 13:17:27+00:00,2529499620,formacion_fuc3,FormaciÃ³n FundaciÃ³n Universidad Carlos III,3,0,3,1
1598297264078098432,"Esta tarde a las 18:30 tenemos la presentaciÃ³n de los #bbkbootcamps by @TheBridge_Tech en @BBK_Kuna 

â¡ï¸ Â¡PÃ¡sate a conocernos! https://t.co/WlRFgaEZpv https://t.co/8M94pExTRH",2022-12-01 12:45:37+00:00,2402179123,jorgegrev,Jorge GonzÃ¡lez Revilla,5,0,5,0
1597982684487340040,"guillerdorron: RT @BBK_eus: ğŸ¤” Zer dira BBK eta @TheBridge_Tech -en #BBKBootcamps -ak? Bootcamp metodologia ikastaroak dira Full Stack Web Garapenerako, Datuen Zientziarako, Zibersegurtasunerako eta UX/UI produktuen diseinurako.

Nora Sarasolak hobetoâ€¦ https://t.co/UwIfXAaHZp",2022-11-30 15:55:35+00:00,146406912,EditaOla,Edita Olaizola,0,0,0,0
1597982680087465984,"guillerdorron: RT @BBK_eus: Finaliza la jornada de presentaciÃ³n de la nueva ediciÃ³n de  #BBKBootcamps ğŸ‘ Eskerrik asko gurera gerturatu zareten guztioi! 

Construye tu carrera en el sector digital â© https://t.co/8W7BQJ1sfv

BBK ğŸ¤ @TheBridge_Tech https://t.co/60teLII3Im",2022-11-30 15:55:34+00:00,146406912,EditaOla,Edita Olaizola,0,0,0,0
1597982677675778048,"guillerdorron: RT @BBK_eus: #BBKBootcamps | ğŸ—£ Guillermo Dorronso, Management Advisory Board @Zabala_IC â¤µï¸

BBK ğŸ¤ @TheBridge_Tech https://t.co/3YeDuZwTna",2022-11-30 15:55:34+00:00,146406912,EditaOla,Edita Olaizola,0,0,0,0
1597933210767433732,"Open Day #Bilbao para conocer un #bootcam
ğŸ—“ï¸ 1/12/2022
â° 18:30
ğŸ“ @BBK_Kuna 
ğŸ—£ï¸@jorgegrev
by @TheBridge_Tech 
https://t.co/o2xcLzD8VM
en @BBKnetwork 
ğŸ·ï¸#BBKBootcamps #Bizkaia #FullStack #Data #UX #Ciberseguridad",2022-11-30 12:39:00+00:00,1951117790,Infolagun,InfoLagun ğŸ¦,5,0,9,0
1597907278325518337,"Hoy es el #DÃ­aDeLaCiberseguridad ğŸ‘¾ Â¡Feliz miÃ©rcoles a todos nuestros #ciber!

#bootcamps #digitaltalent https://t.co/qVvkeqQFXD",2022-11-30 10:55:57+00:00,1162694149956603904,TheBridge_Tech,The Bridge,1,0,3,0
1597900732774383617,"Deseando formar parte de la formaciÃ³n y despegue digital de nuevos profesionales en #Bilbao de la mano de @BBK_eusğŸš€

Si te interesa trabajar en el sector digital, echa unğŸ‘€ a los #BBKBootcamps ğŸ‘‰https://t.co/vGt8SDfXoi",2022-11-30 10:29:56+00:00,1162694149956603904,TheBridge_Tech,The Bridge,1,0,2,0
1597889537627283456,"#BBKBootcamps | ğŸ—£ Guillermo Dorronso, Management Advisory Board @Zabala_IC â¤µï¸

BBK ğŸ¤ @TheBridge_Tech https://t.co/aBluTid7LN",2022-11-30 09:45:27+00:00,702077405045899264,BBK_eus,FundaciÃ³n BBK | Obra Social,3,0,5,3
1597889440789282817,"Finaliza la jornada de presentaciÃ³n de la nueva ediciÃ³n de  #BBKBootcamps ğŸ‘ Eskerrik asko gurera gerturatu zareten guztioi! 

Construye tu carrera en el sector digital â© https://t.co/pqjWocmmpo

BBK ğŸ¤ @TheBridge_Tech https://t.co/D9FHwW771N",2022-11-30 09:45:04+00:00,702077405045899264,BBK_eus,FundaciÃ³n BBK | Obra Social,2,0,5,1
1597889145497653249,"#BBKBootcamps | ğŸ—£ RamÃ³n Lozano, director de tecnologÃ­a @ZucchettiSpain â¤µï¸ 

BBK ğŸ¤ @TheBridge_Tech https://t.co/hIF239eTzi",2022-11-30 09:43:54+00:00,702077405045899264,BBK_eus,FundaciÃ³n BBK | Obra Social,2,0,4,1
1597886536896450562,"ğŸ—£ TomÃ¡s Iriondo, @ClusterGaia -ko CEO: ""#ETEari lagundu behar diogu, eta, horretarako, #talentua sortu behar dugu. Horrelako ekimenak, hala nola #BBKBootcamp -ak, idealak dira."". 

BBK ğŸ¤ @TheBridge_Tech https://t.co/AEJsNDQvHb",2022-11-30 09:33:32+00:00,702077405045899264,BBK_eus,FundaciÃ³n BBK | Obra Social,1,0,3,0
1597886276056776704,"ğŸ—£ TomÃ¡s Iriondo, CEO de @ClusterGaia: ""Tenemos que ayudar a la #pyme y para eso necesitamos crear #talento y en ese sentido este tipo de iniciativas como #BBKBootcamps, son ideales"". 

BBK ğŸ¤ @TheBridge_Tech https://t.co/CVrNCgJ1E5",2022-11-30 09:32:30+00:00,702077405045899264,BBK_eus,FundaciÃ³n BBK | Obra Social,3,0,4,0
1597880551578419201,"ğŸ¤” Zer dira BBK eta @TheBridge_Tech -en #BBKBootcamps -ak? Bootcamp metodologia ikastaroak dira Full Stack Web Garapenerako, Datuen Zientziarako, Zibersegurtasunerako eta UX/UI produktuen diseinurako.

Nora Sarasolak hobeto kontatzen digu hemen â¤µï¸ https://t.co/kqrKydUWTK",2022-11-30 09:09:45+00:00,702077405045899264,BBK_eus,FundaciÃ³n BBK | Obra Social,2,0,4,0
1597879796121407488,"ğŸ¤” Â¿QuÃ© son los #BBKBootcamps de BBK y @TheBridge_Tech? Son cursos de metodologÃ­a Bootcamp de Desarrollo Web Full Stack, #DataScience, #Ciberseguridad y DiseÃ±o de Producto UX/UI. 

Nora Sarasola nos los cuenta â¤µï¸ https://t.co/B9HflSDraZ",2022-11-30 09:06:45+00:00,702077405045899264,BBK_eus,FundaciÃ³n BBK | Obra Social,2,0,4,0
1597876414908432385,"ğŸ—£ Iker Arcerekin, @TheBridge_Tech -eko CEO-a, jarraitzen dugu. Oraingoan munduko gap skill-en eta postu digitalen testuinguru globalena aurkeztuko digu; Europan eta Espainian batik bat. 

#BBKBootcamps @BAT_Tower https://t.co/jx7YIVKG4G",2022-11-30 08:53:19+00:00,702077405045899264,BBK_eus,FundaciÃ³n BBK | Obra Social,1,0,3,0
1597875833699459072,"ğŸ—£ Continuamos con Iker Arce, CEO de @TheBridge_Tech nos presenta el contexto mÃ¡s global del gap de skills y puestos digitales con datos en el mundo, #Europa y en el marco comparado #EspaÃ±a.

#BBKBootcamps @BAT_Tower https://t.co/jM82e3AHyb",2022-11-30 08:51:00+00:00,702077405045899264,BBK_eus,FundaciÃ³n BBK | Obra Social,2,0,3,0
1597873965812285440,"ğŸ—£ Nora Sarasolak, BBK-ko Gizarte Ekintzako zuzendariak, hasiera eman dio jardunaldiari #Euskadi -ra talentuaren erronka ekarriz 4.0 industriarentzat, gizarteratze digitalarentzat...

BBK ğŸ¤ @TheBridge_Tech #BBKBootcamps https://t.co/6zqDJ61Dow",2022-11-30 08:43:35+00:00,702077405045899264,BBK_eus,FundaciÃ³n BBK | Obra Social,1,0,3,0
1597873472679694336,"ğŸ—£ Nora Sarasola, Directora de Obra Social de BBK da comienzo a la jornada de presentaciÃ³n de #BBKBootcamps trayendo a #Euskadi el reto del talento para la industria 4.0, inclusiÃ³n social y digital...

BBK ğŸ¤ @TheBridge_Tech https://t.co/84oRaLvEMq",2022-11-30 08:41:37+00:00,702077405045899264,BBK_eus,FundaciÃ³n BBK | Obra Social,1,0,5,0
1597869451222913027,"â˜•ï¸ğŸ¥ Jardunaldia enpresentzako gosariarekin hasi da @BAT_Tower -ean. 

Eraiki zure karrera sektore digitalean #BBKBootcamps -en edizio berri honekin.  

BBK ğŸ¤ @TheBridge_Tech https://t.co/VILvbVXDUl",2022-11-30 08:25:38+00:00,702077405045899264,BBK_eus,FundaciÃ³n BBK | Obra Social,0,0,2,0
1597868371663519744,"â˜•ï¸ğŸ¥ Comienza la jornada con un desayuno de empresas. 

Construye tu carrera en el sector digital con esta nueva ediciÃ³n de #BBKBootcamps. 

BBK ğŸ¤ @TheBridge_Tech https://t.co/ORyNrF3uKI",2022-11-30 08:21:21+00:00,702077405045899264,BBK_eus,FundaciÃ³n BBK | Obra Social,2,0,2,0
1597866442841628672,"ğŸ”› Aurkezpen eguna, @TheBridge_Tech eta #BBK -k indarrak batu ditugu #BBKBootcamps -en edizio berri honetan. 

ğŸ’» Ikasi gaur etorkizuneko lanbideak. https://t.co/jcQ2HM5g7Z",2022-11-30 08:13:41+00:00,702077405045899264,BBK_eus,FundaciÃ³n BBK | Obra Social,1,0,2,0
1597865610167439362,"ğŸ”›Â DÃ­a de presentaciÃ³n, @TheBridge_Tech y #BBK unimos fuerzas para presentaros la nueva ediciÃ³n de #BBKBootcamps. 

ğŸ’» Aprende hoy las profesiones del futuro. https://t.co/nYo8bnc77A",2022-11-30 08:10:23+00:00,702077405045899264,BBK_eus,FundaciÃ³n BBK | Obra Social,2,0,4,0
1597626830764511232,Este Jueves 1 de diciembre a las 18:30 en @BBK_Kuna #Bilbao se presentan los BBK #Bootcamps by @TheBridge_Tech con especialidades en #FullStack #CiberSeguridad #DataAnalyst y #Ciberseguridad InscrÃ­bete al evento y networking ğŸ»https://t.co/hLDF8paV6R,2022-11-29 16:21:33+00:00,378449449,ExpansionaT,"ExpansiÃ³nate, S.L.",1,0,3,0
1597626145289428992,Este Jueves 1 de diciembre a las 18:30 en @BBK_Kuna #Bilbao se presentan los BBK #Bootcamps by @TheBridge_Tech con especialidades en #FullStack #CiberSeguridad #DataAnalyst y #Ciberseguridad InscÃ­bete al evento y networking ğŸ» https://t.co/o4y0MLPSsx,2022-11-29 16:18:50+00:00,2402179123,jorgegrev,Jorge GonzÃ¡lez Revilla,0,0,1,0
1597543359220183040,"Â¿Quieres conocer todo sobre el #bootcamp de #DesarrolloWebFullStack de @formacion_fuc3 y @TheBridge_Tech ? ğŸ¤—Â¡Ven a nuestra sesiÃ³n informativa!

ğŸ“…14 diciembre
â°17h.
ğŸ“ Campus de Puerta de Toledo u online.

Entradas ğŸŸ https://t.co/tzLp85K5Uc

Â¡Resolveremos todas tus dudas!ğŸ˜‰ https://t.co/VjVArHXbfF",2022-11-29 10:49:52+00:00,1162694149956603904,TheBridge_Tech,The Bridge,3,0,3,0
1597490049087520769,"â˜• MiÃ©rcoles 30 NOV 9:00 @BAT_Tower Desayuno: La urgencia de cerrar la brecha de #talento digital en #Euskadi.
â¡ https://t.co/I5GS4SlhTR

ğŸ» Jueves 1 DIC 18:30 @BBK_Kuna: Open Day BBK #Bootcamps by @TheBridge_Tech
â¡ https://t.co/zfkRFWmYmm

Nos allÃ­!",2022-11-29 07:18:02+00:00,2402179123,jorgegrev,Jorge GonzÃ¡lez Revilla,5,0,5,0
1597233215789355009,"Ãlvaro querÃ­a reorientar su carrera hacia el #uxuidesign ğŸ¤³ Buscaba algo rÃ¡pido y enfocado al usuario. EncontrÃ³ el #bootcamp en #uxuiproductdesign de @TheBridge_Tech y tan solo unos meses mÃ¡s tarde ya estaba trabajando en sector ğŸ™Œ

Â¡Gracias Ãlvaro por contar tu experiencia! https://t.co/SqCQe2PPo1",2022-11-28 14:17:28+00:00,1162694149956603904,TheBridge_Tech,The Bridge,1,0,1,0
1597141474600050690,"@Cyber_Madrid  organiza el I Congreso de #Ciberseguridad para #pymes
ğŸ“… 14 de diciembre 2022
ğŸ™ modalidad presencial
ğŸ¢ Palacio LÃ³pez-DÃ³riga, PÂº de Recoletos, 15, Madrid (Sede de @TheBridge_Tech)
ğŸ•¤09.00h a 14.30h.
InscrÃ­bete ya! Aforo limitado
ğŸ‘‡ğŸ‘‡ğŸ‘‡
https://t.co/kH1Nf3p6jU https://t.co/qil8He6ZVV",2022-11-28 08:12:55+00:00,1407291884901482496,Cyber_Madrid,Cluster CyberMadrid,1,0,2,0
1595752907684843520,"ğŸ”µAcelera tu carrera digital con #BBKBootcamps.

Gracias a la colaboraciÃ³n entre @BBK_eus y @TheBridge_Tech podrÃ¡s formarte con los mejores profesionales para lograr un trabajo con proyecciÃ³n.

ğŸ”—Elige tu curso https://t.co/RxICpzj9N6

#ux #developers #ciberseguridad #datascience",2022-11-24 12:15:15+00:00,823470817963032576,BBKnetwork,BBK network,3,0,4,0
1595359906747617280,"Â¡Ven a conocer los BBK bootcamps powered by @TheBridge_Tech! @BBK_eus 

PrÃ³ximo Open DayğŸ¤—
ğŸ“…1 dic
â°18.30
ğŸ“ @BBK_Kuna, Urazurrutia Kalea 3, Bilbao

Â¡LÃ¡nzate a por una carrera digital!
 
ğŸŸEntradas https://t.co/NBgXWjSYcE

#uxui #ciber #desarrollowebfullstack #datascience https://t.co/KFsgFfom5B",2022-11-23 10:13:36+00:00,1162694149956603904,TheBridge_Tech,The Bridge,4,0,3,0
1594975696614526979,@HoplaSoftware Deseando teneros @HoplaSoftware en nuestro #RecruitersCorner hablando de #cloud y #talentodigital ğŸ™Œ,2022-11-22 08:46:53+00:00,1162694149956603904,TheBridge_Tech,The Bridge,0,0,1,0
1594968601265586178,"Acelerando juntos el #talentodigital en EspaÃ±a. El prÃ³ximo 24 de noviembre, nuestro #CEO Juan Zamora presentarÃ¡ Hopla! en las instalaciones de .@TheBridge_Tech a las 17:30h. Contaremos quiÃ©nes somos, quÃ© hacemos y cÃ³mo desarrollar una #carrerarofesional fructÃ­fera con nosotros. https://t.co/Sw9EUswIQ2",2022-11-22 08:18:42+00:00,783248945761910788,HoplaSoftware,Hopla! Software,1,1,3,0
1594965197613322241,"Ikasi gaur etorkizuneko lanbideak, izena eman #BBKBootcamp -ean â© https://t.co/xvm6ekbcMQ

@TheBridge_Tech -ekin batera,  Full Stack Web Garapena, Data Science, Zibersegurtasuna eta UX UI produktu digitalaren diseinuari buruz ikasteko aukera izango duzu. https://t.co/oxEOX35Osa",2022-11-22 08:05:10+00:00,702077405045899264,BBK_eus,FundaciÃ³n BBK | Obra Social,1,0,2,0
1594964278238654471,"Aprende hoy las profesiones del futuro, Â¡inscrÃ­bete en el #BBKBootcamp â© https://t.co/uJcCKObkPz

Junto con @TheBridge_Tech podrÃ¡s aprender sobre Desarrollo Web Full Stack, Data Science, Ciberseguridad y DiseÃ±o de producto digital UX UI. https://t.co/wdbmRphsAx",2022-11-22 08:01:31+00:00,702077405045899264,BBK_eus,FundaciÃ³n BBK | Obra Social,2,0,2,0
